{
    "answers": {
        "phase": "coding",
        "action": "source code authoring",
        "scope":  "frontend",
        "action experience":  3,
        "prog lang": "js-node",
        "other prog lang": "<fill in>",
        "aimodel": "chatgpt",
        "aimodel version": "4",
        "lmstudio-hosted aimodel": "<fill-in>",
        "tool option":  "online full",
        "experience with tool":  3,
        "time allocated (h)": 2,
        "time saved estimate (h)": 5, 
        "quality of ai help": 4,
        "knowledge acquired":  2,
        "generic feeling - now": 4,
        "generic feeling - future": 5,
        "threat level":  2,
        "notes": "Next.js app setup and some frontend pages using api calls to our backend server, without UI enhancement or styling. Great help with code snippets and suggestions for the frontend code."
    }
}