{
    "answers": {
        "phase": "design",
        "action": "data design",
        "scope":  "data management",
        "action experience":  3,
        "prog lang": "js-node",
        "other prog lang": "<fill in>",
        "aimodel": "gemini",
        "aimodel version": "<fill-in>",
        "lmstudio-hosted aimodel": "<fill-in>",
        "tool option":  "online free",
        "experience with tool":  1,
        "time allocated (h)": 1,
        "time saved estimate (h)": 1, 
        "quality of ai help": 3,
        "knowledge acquired":  3,
        "generic feeling - now": 3,
        "generic feeling - future": 4,
        "threat level":  1,
        "notes": "Nice suggestions about data design in microservices architecture. Explanation of issues such as data duplication and data consistency was very helpful. Also, a good starting point for the data storages in each microservice."
    }
}