{
    "answers": {
        "phase": "architecture",
        "action": "microservices definition",
        "scope": "backend",
        "action experience": 4,
        "prog lang": "js-node",
        "other prog lang": "python",
        "aimodel": "lmstudio-hosted",
        "aimodel version": "1.0",
        "lmstudio-hosted aimodel": "codellama-pro",
        "tool option": "online full",
        "experience with tool": 4,
        "time allocated (h)": 2,
        "time saved estimate (h)": 1,
        "quality of ai help": 5,
        "knowledge acquired": 4,
        "generic feeling - now": 4,
        "generic feeling - future": 4,
        "threat level": 2,
        "notes": "Detailed guidance on system architecture. The AI helped design a scalable, resilient architecture using microservices, load balancing, auto-scaling, and RabbitMQ for asynchronous communication."
    }
}
