{
    "answers": {
        "phase":"deployment",
        "action": "container structuring",
        "scope": "deployment scripts",
        "action experience": 0,
        "prog lang":  "yaml/json",
        "other prog lang": "<fill in>",
        "aimodel": "chatgpt",
        "aimodel version": "4",
        "lmstudio-hosted aimodel": "<fill-in>",
        "tool option": "online full",
        "experience with tool": 5,
        "time allocated (h)": "20",
        "time saved estimate (h)": "30", 
        "quality of ai help": 4,
        "knowledge acquired": 5,
        "generic feeling - now": 3,
        "generic feeling - future": 5,
        "threat level": 4,
        "notes": "<fill in>"
    }
}