{
    "answers": {
        "phase": "coding",
        "action": "source code authoring",
        "scope":  "frontend",
        "action experience":  1,
        "prog lang": "js-node",
        "other prog lang": "<fill in>",
        "aimodel": "chatgpt",
        "aimodel version": "4",
        "lmstudio-hosted aimodel": "<fill-in>",
        "tool option":  "online full",
        "experience with tool":  3,
        "time allocated (h)": 1,
        "time saved estimate (h)": 5, 
        "quality of ai help": 3,
        "knowledge acquired":  3,
        "generic feeling - now": 4,
        "generic feeling - future": 5,
        "threat level":  2,
        "notes": "Integration of Stripe's testing environment in credit card processing. Without the AI model, I would have had to spend a lot of time reading the documentation and trying to understand the API. The AI model helped me understand the API and how to use it in a fraction of the time. I was able to complete the task in a few hours."
    }
}