{
    "answers": {
        "phase": "design",
        "action": "orchestration design",
        "scope":  "messaging design",
        "action experience":  4,
        "prog lang": "js-node",
        "other prog lang": "<fill in>",
        "aimodel": "copilot",
        "aimodel version": "<fill-in>",
        "lmstudio-hosted aimodel": "<fill-in>",
        "tool option":  "online free",
        "experience with tool":  1,
        "time allocated (h)": 1,
        "time saved estimate (h)": 1, 
        "quality of ai help": 2,
        "knowledge acquired":  2,
        "generic feeling - now": 2,
        "generic feeling - future": 3,
        "threat level":  1,
        "notes": "General thoughts about the pros and cons of orchestration design. Nothing really specific to our application."
    }
}