{
    "answers": {
        "phase": "architecture",
        "action": "microservices definition",
        "scope": "uml sequence",
        "action experience": 3,
        "prog lang": "n/a",
        "other prog lang": "<fill in>",
        "aimodel": "chatgpt",
        "aimodel version": "4",
        "lmstudio-hosted aimodel": "<fill-in>",
        "tool option": "online full",
        "experience with tool": 4,
        "time allocated (h)": "3",
        "time saved estimate (h)": "5", 
        "quality of ai help": 4,
        "knowledge acquired": 4,
        "generic feeling - now": 3,
        "generic feeling - future": 5,
        "threat level": 4,
        "notes": "<fill in>"
    }
}