{
    "answers": {
        "phase": "coding",
        "action": "source code authoring",
        "scope":  "frontend",
        "action experience":  3,
        "prog lang": "js-node",
        "other prog lang": "<fill in>",
        "aimodel": "chatgpt",
        "aimodel version": "4",
        "lmstudio-hosted aimodel": "<fill-in>",
        "tool option":  "online full",
        "experience with tool":  3,
        "time allocated (h)": 3,
        "time saved estimate (h)": 5, 
        "quality of ai help": 3,
        "knowledge acquired":  2,
        "generic feeling - now": 4,
        "generic feeling - future": 5,
        "threat level":  2,
        "notes": "Header component for our web app. We used AI to help us both with the HTML and the CSS. The AI helped us with the HTML structure and the CSS styling. We saved a lot of time and the quality of the AI help was good. We also learned a few things from the AI. We are happy with the AI help and we will use it again in the future."
    }
}