{
  "answers": {
    "phase": "coding",
    "action": "source code authoring",
    "scope": "backend",
    "action experience": 0,
    "prog lang": "js-node",
    "other prog lang": "<fill-in>",
    "aimodel": "chatgpt",
    "aimodel version": "4",
    "lmstudio-hosted aimodel": "<fill-in>",
    "tool option": "online full",
    "experience with tool": 4,
    "time allocated (h)": "3",
    "time saved estimate (h)": "7",
    "quality of ai help": 4,
    "knowledge acquired": 4,
    "generic feeling - now": 4,
    "generic feeling - future": 4,
    "threat level": 4,
    "notes": "<fill-in>"
  }
}