{
    "answers": {
        "phase": "coding",
        "action": "source code authoring",
        "scope":  "backend",
        "action experience":  3,
        "prog lang": "js-node",
        "other prog lang": "<fill in>",
        "aimodel": "chatgpt",
        "aimodel version": "4",
        "lmstudio-hosted aimodel": "<fill-in>",
        "tool option":  "online full",
        "experience with tool":  3,
        "time allocated (h)": 2,
        "time saved estimate (h)": 5, 
        "quality of ai help": 4,
        "knowledge acquired":  2,
        "generic feeling - now": 3,
        "generic feeling - future": 3,
        "threat level":  3,
        "notes": "Gread help with code completion and code generation. I provided the source code of one microservice and the AI helped me to generate the source code of another microservice that was similar. It saved me a lot of time and the quality of the generated code was good. I had to make some adjustments to the generated code but it was much faster than writing the code from scratch."
    }
}