{
    "answers": {
        "phase": "design",
        "action": "data design",
        "scope":  "data management",
        "action experience":  3,
        "prog lang": "nosql",
        "other prog lang": "<fill in>",
        "aimodel": "chatgpt",
        "aimodel version": "4",
        "lmstudio-hosted aimodel": "<fill-in>",
        "tool option":  "online full",
        "experience with tool":  3,
        "time allocated (h)": 1,
        "time saved estimate (h)": 1, 
        "quality of ai help": 3,
        "knowledge acquired":  4,
        "generic feeling - now": 3,
        "generic feeling - future": 3,
        "threat level":  1,
        "notes": "Great help in mongoDB data design. I was able to get a good start on my project"
    }
}