{
    "answers": {
        "phase": "design",
        "action": "api design",
        "scope":  "api",
        "action experience":  3,
        "prog lang": "js-node",
        "other prog lang": "<fill in>",
        "aimodel": "chatgpt",
        "aimodel version": "4",
        "lmstudio-hosted aimodel": "<fill-in>",
        "tool option":  "online full",
        "experience with tool":  3,
        "time allocated (h)": 1,
        "time saved estimate (h)": 1, 
        "quality of ai help": 2,
        "knowledge acquired":  2,
        "generic feeling - now": 3,
        "generic feeling - future": 3,
        "threat level":  1,
        "notes": "Some tips on how to design an API. Nothing new, but a good reminder and synopsys."
    }
}