{
    "answers": {
        "phase": "design",
        "action": "orchestration design",
        "scope":  "messaging design",
        "action experience":  2,
        "prog lang": "js-node",
        "other prog lang": "<fill in>",
        "aimodel": "chatgpt",
        "aimodel version": "4o",
        "lmstudio-hosted aimodel": "<fill-in>",
        "tool option":  "online full",
        "experience with tool":  4,
        "time allocated (h)": 1,
        "time saved estimate (h)": 2, 
        "quality of ai help": 5,
        "knowledge acquired":  2,
        "generic feeling - now": 3,
        "generic feeling - future": 4,
        "threat level":  1,
        "notes": "Useful information about handling messages that have been unacknowledged for a long time and how to handle them. Immediate help with the problem I was facing."
    }
}