{
    "answers": {
        "phase": "coding",
        "action": "source code authoring",
        "scope":  "frontend",
        "action experience":  3,
        "prog lang": "js-node",
        "other prog lang": "<fill in>",
        "aimodel": "chatgpt",
        "aimodel version": "4",
        "lmstudio-hosted aimodel": "<fill-in>",
        "tool option":  "online full",
        "experience with tool":  3,
        "time allocated (h)": 1,
        "time saved estimate (h)": 3, 
        "quality of ai help": 3,
        "knowledge acquired":  3,
        "generic feeling - now": 4,
        "generic feeling - future": 5,
        "threat level":  2,
        "notes": "Help of AI tool in some problems concerning the cascade of styles in the frontend. It provided a good understanding of how stylesheets are applied to the elements of the page. It saved me a lot of time."
    }
}