{
    "answers": {
        "phase": "architecture",
        "action": "microservices definition",
        "scope":  "backend",
        "action experience":  3,
        "prog lang": "js-node",
        "other prog lang": "<fill in>",
        "aimodel": "copilot",
        "aimodel version": "<fill-in>",
        "lmstudio-hosted aimodel": "<fill-in>",
        "tool option":  "online free",
        "experience with tool":  1,
        "time allocated (h)": 1,
        "time saved estimate (h)": 1, 
        "quality of ai help": 2,
        "knowledge acquired":  2,
        "generic feeling - now": 3,
        "generic feeling - future": 4,
        "threat level":  1,
        "notes": "General architecture suggestion for our microservices backend. The tool needed some direction but was able to provide some useful suggestions, not many."
    }
}