{
    "answers": {
        "phase": "coding",
        "action": "source code authoring",
        "scope":  "backend",
        "action experience":  1,
        "prog lang": "js-node",
        "other prog lang": "<fill in>",
        "aimodel": "chatgpt",
        "aimodel version": "4",
        "lmstudio-hosted aimodel": "<fill-in>",
        "tool option":  "online full",
        "experience with tool":  3,
        "time allocated (h)": 1,
        "time saved estimate (h)": 3, 
        "quality of ai help": 4,
        "knowledge acquired":  3,
        "generic feeling - now": 4,
        "generic feeling - future": 5,
        "threat level":  2,
        "notes": "Health check endpoint for our microservices architecture. It's a simple endpoint that returns a 200 status code if the service is up and running. AI help was useful to generate the boilerplate code for the endpoint. It saved me a lot of time and I was able to focus on the business logic. I'm happy with the quality of the AI help."
    }
}