{
    "answers": {
        "phase": "architecture",
        "action": "microservices definition",
        "scope":  "backend",
        "action experience":  3,
        "prog lang": "js-node",
        "other prog lang": "<fill in>",
        "aimodel": "chatgpt",
        "aimodel version": "4",
        "lmstudio-hosted aimodel": "<fill-in>",
        "tool option":  "online full",
        "experience with tool":  3,
        "time allocated (h)": 1,
        "time saved estimate (h)": 1, 
        "quality of ai help": 4,
        "knowledge acquired":  4,
        "generic feeling - now": 3,
        "generic feeling - future": 3,
        "threat level":  1,
        "notes": "Detailed explanation of pros and cons of using a sovlver wrapper in a microservices architecture"
    }
}