{
    "answers": {
        "phase": "design",
        "action": "orchestration design",
        "scope":  "messaging design",
        "action experience":  4,
        "prog lang": "js-node",
        "other prog lang": "<fill in>",
        "aimodel": "gemini",
        "aimodel version": "<fill-in>",
        "lmstudio-hosted aimodel": "<fill-in>",
        "tool option":  "online free",
        "experience with tool":  1,
        "time allocated (h)": 1,
        "time saved estimate (h)": 1, 
        "quality of ai help": 3,
        "knowledge acquired":  4,
        "generic feeling - now": 3,
        "generic feeling - future": 4,
        "threat level":  1,
        "notes": "Specific example of orchestration in our application. Nice explanation of how the different services interact and different options for messaging. Much better than copilot."
    }
}