{
    "answers": {
        "phase": "design",
        "action": "choreography design",
        "scope":  "messaging design",
        "action experience":  1,
        "prog lang": "js-node",
        "other prog lang": "<fill in>",
        "aimodel": "chatgpt",
        "aimodel version": "4",
        "lmstudio-hosted aimodel": "<fill-in>",
        "tool option":  "online full",
        "experience with tool":  3,
        "time allocated (h)": 1,
        "time saved estimate (h)": 1, 
        "quality of ai help": 3,
        "knowledge acquired":  4,
        "generic feeling - now": 3,
        "generic feeling - future": 3,
        "threat level":  1,
        "notes": "Detailed explanation of different exchange patterns and how to implement them in a real case scenario."
    }
}