{
    "answers": {
        "phase": "design",
        "action": "choreography design",
        "scope":  "messaging design",
        "action experience":  1,
        "prog lang": "js-node",
        "other prog lang": "<fill in>",
        "aimodel": "chatgpt",
        "aimodel version": "4",
        "lmstudio-hosted aimodel": "<fill-in>",
        "tool option":  "online full",
        "experience with tool":  3,
        "time allocated (h)": 1,
        "time saved estimate (h)": 3, 
        "quality of ai help": 4,
        "knowledge acquired":  4,
        "generic feeling - now": 3,
        "generic feeling - future": 3,
        "threat level":  2,
        "notes": "Great help with the design of the messaging flow and RabbitMQ setup. The AI model was able to provide a lot of useful information and suggestions. I was able to save a lot of time and the quality of the help was very good."
    }
}