{
    "answers": {
        "phase": "design",
        "action": "choreography design",
        "scope":  "messaging design",
        "action experience":  4,
        "prog lang": "js-node",
        "other prog lang": "<fill in>",
        "aimodel": "copilot",
        "aimodel version": "<fill-in>",
        "lmstudio-hosted aimodel": "<fill-in>",
        "tool option":  "online free",
        "experience with tool":  1,
        "time allocated (h)": 1,
        "time saved estimate (h)": 1, 
        "quality of ai help": 3,
        "knowledge acquired":  3,
        "generic feeling - now": 3,
        "generic feeling - future": 4,
        "threat level":  1,
        "notes": "Suggestions about choreography design and comparison with orchestration. Nothing really new but a good reminder and synopsys and some new ideas."
    }
}