{
    "answers": {
        "phase": "design",
        "action": "data design",
        "scope":  "data management",
        "action experience":  3,
        "prog lang": "js-node",
        "other prog lang": "<fill in>",
        "aimodel": "lmstudio-hosted",
        "aimodel version": "<fill in>",
        "lmstudio-hosted aimodel": "codellama-7b-instruct.Q2_K.gguf",
        "tool option":  "locally-run",
        "experience with tool":  1,
        "time allocated (h)": 1,
        "time saved estimate (h)": 0, 
        "quality of ai help": 1,
        "knowledge acquired":  2,
        "generic feeling - now": 1,
        "generic feeling - future": 2,
        "threat level":  0,
        "notes": "Poor quality of AI help. Only general thoughts about the data design. No specific help based on our requirements. Also the tool is very slow making it difficult to use."
    }
}