{
    "answers": {
        "phase": "coding",
        "action": "source code authoring",
        "scope":  "frontend",
        "action experience":  3,
        "prog lang": "js-node",
        "other prog lang": "<fill in>",
        "aimodel": "chatgpt",
        "aimodel version": "4",
        "lmstudio-hosted aimodel": "<fill-in>",
        "tool option":  "online full",
        "experience with tool":  3,
        "time allocated (h)": 3,
        "time saved estimate (h)": 7, 
        "quality of ai help": 4,
        "knowledge acquired":  2,
        "generic feeling - now": 4,
        "generic feeling - future": 5,
        "threat level":  2,
        "notes": "Submissions related pages. Great help with code completion and code suggestions. We implement a simple UI without any styling for the time being. The AI help was very useful in this case."
    }
}