{
    "answers": {
        "phase": "coding",
        "action": "source code authoring",
        "scope":  "frontend",
        "action experience":  3,
        "prog lang": "js-node",
        "other prog lang": "<fill in>",
        "aimodel": "chatgpt",
        "aimodel version": "4",
        "lmstudio-hosted aimodel": "<fill-in>",
        "tool option":  "online full",
        "experience with tool":  3,
        "time allocated (h)": 1,
        "time saved estimate (h)": 4, 
        "quality of ai help": 4,
        "knowledge acquired":  2,
        "generic feeling - now": 4,
        "generic feeling - future": 5,
        "threat level":  2,
        "notes": "Used the tool to generate a page for submissions results. The tool was very helpful in generating the code for the page. I was able to save a lot of time and the quality of the code was good. I was also able to learn a few things from the code generated by the tool."
    }
}