{
    "answers": {
        "phase": "coding",
        "action": "source code authoring",
        "scope": "backend",
        "action experience": 2,
        "prog lang": "js",
        "other prog lang": "<fill in>",
        "aimodel": "chatgpt",
        "aimodel version": "4o",
        "lmstudio-hosted aimodel": "<fill-in>",
        "tool option": "online full",
        "experience with tool": 3,
        "time allocated (h)": "5",
        "time saved estimate (h)": "3", 
        "quality of ai help": 2,
        "knowledge acquired": 1,
        "generic feeling - now": 2,
        "generic feeling - future": 3,
        "threat level": 1,
        "notes": "Was struggling to understand what i was asking probably because i needed to alter multiple microservices which i was also not very familiar with"
    }
}