{
        "answers": {
        "phase": "coding",
        "action": "microservices definition",
        "scope": "backend",
        "action experience": 4,
        "prog lang": "js-node",
        "other prog lang": "python",
        "aimodel": "lmstudio-hosted",
        "aimodel version": "1.0",
        "lmstudio-hosted aimodel": "starcoder",
        "tool option": "online full",
        "experience with tool": 4,
        "time allocated (h)": 2,
        "time saved estimate (h)": 1,
        "quality of ai help": 3,
        "knowledge acquired": 4,
        "generic feeling - now": 3,
        "generic feeling - future": 4,
        "threat level": 2,
        "notes": "Generally, the best one used. Offered more accurate answers and generalized greatly." }
}
