{
  "answers": {
    "phase": "coding",
    "action": "source code authoring",
    "scope": "frontend",
    "action experience": 3,
    "prog lang": "js",
    "other prog lang": "<fill in>",
    "aimodel": "chatgpt",
    "aimodel version": "4o",
    "lmstudio-hosted aimodel": "<fill-in>",
    "tool option": "online full",
    "experience with tool": 3,
    "time allocated (h)": "5",
    "time saved estimate (h)": "5",
    "quality of ai help": 3,
    "knowledge acquired": 2,
    "generic feeling - now": 3,
    "generic feeling - future": 3,
    "threat level": 1,
    "notes": "<fill-in>"
  }
}