{
    "answers": {
        "phase": "coding",
        "action": "source code authoring",
        "scope":  "backend",
        "action experience":  3,
        "prog lang": "js-node",
        "other prog lang": "<fill in>",
        "aimodel": "chatgpt",
        "aimodel version": "4",
        "lmstudio-hosted aimodel": "<fill-in>",
        "tool option":  "online full",
        "experience with tool":  3,
        "time allocated (h)": 1,
        "time saved estimate (h)": 2, 
        "quality of ai help": 3,
        "knowledge acquired":  2,
        "generic feeling - now": 3,
        "generic feeling - future": 3,
        "threat level":  2,
        "notes": "After providing a part of the code and asking for some improvements in the code, the AI model was able to understand the context and provide a good solution. Furthermore, the AI model provided a detailed explanation about node.js runtime and how the code will be executed. This was very helpful to understand the code execution flow."
    }
}