{
    "answers": {
        "phase": "design",
        "action": "api design",
        "scope":  "api",
        "action experience":  4,
        "prog lang": "js-node",
        "other prog lang": "<fill in>",
        "aimodel": "gemini",
        "aimodel version": "<fill-in>",
        "lmstudio-hosted aimodel": "<fill-in>",
        "tool option":  "online free",
        "experience with tool":  1,
        "time allocated (h)": 1,
        "time saved estimate (h)": 1, 
        "quality of ai help": 3,
        "knowledge acquired":  2,
        "generic feeling - now": 2,
        "generic feeling - future": 3,
        "threat level":  1,
        "notes": "General suggestions on API design. I believe that the human touch is still needed to make the final decisions. Design is a creative where AI can't replace human for the time being. AI can help to speed up the process and provide some suggestions. If someone has enough knowledge and experience, AI doesn't really help in these cases. However, the data provided by AI where better than Copilot."
    }
}