{
    "answers": {
        "phase": "coding",
        "action": "source code authoring",
        "scope": "frontend",
        "action experience": 3,
        "prog lang": "js",
        "other prog lang": "<fill in>",
        "aimodel": "chatgpt",
        "aimodel version": "4o",
        "lmstudio-hosted aimodel": "<fill-in>",
        "tool option": "online full",
        "experience with tool": 3,
        "time allocated (h)": "5",
        "time saved estimate (h)": "6", 
        "quality of ai help": 2,
        "knowledge acquired": 2,
        "generic feeling - now": 2,
        "generic feeling - future": 3,
        "threat level": 1,
        "notes": "Struggled to fix some issues with the initial template we created for page"
    }
}