{
    "answers": {
        "phase": "architecture",
        "action": "microservices definition",
        "scope": "uml sequence",
        "action experience": 1,
        "prog lang": "n/a",
        "other prog lang": "<fill in>",
        "aimodel": "chatgpt",
        "aimodel version": "chatgpt4",
        "lmstudio-hosted aimodel": "<fill-in>",
        "tool option": "online full",
        "experience with tool": 5,
        "time allocated (h)": "2",
        "time saved estimate (h)": "4", 
        "quality of ai help":  5,
        "knowledge acquired": 4,
        "generic feeling - now": 4,
        "generic feeling - future": 5,
        "threat level": 5,
        "notes": "<fill in>"
    }
}