{
    "answers": {
        "phase": "coding",
        "action": "source code authoring",
        "scope": "frontend",
        "action experience": 3,
        "prog lang": "js",
        "other prog lang": "<fill in>",
        "aimodel": "chatgpt",
        "aimodel version": "4o",
        "lmstudio-hosted aimodel": "<fill-in>",
        "tool option": "online full",
        "experience with tool": 3,
        "time allocated (h)": "1",
        "time saved estimate (h)": "2", 
        "quality of ai help": 3,
        "knowledge acquired": 1,
        "generic feeling - now": 3,
        "generic feeling - future": 3,
        "threat level": 1,
        "notes": "Qucikly created the page as wanted and also generated a picture for landing page (not perfect) after 5 tries (first 4 were not what i asked for)"
    }
}