{
    "answers": {
        "phase": "coding",
        "action": "source code authoring",
        "scope":  "backend",
        "action experience":  3,
        "prog lang": "js-node",
        "other prog lang": "<fill in>",
        "aimodel": "chatgpt",
        "aimodel version": "4",
        "lmstudio-hosted aimodel": "<fill-in>",
        "tool option":  "online full",
        "experience with tool":  3,
        "time allocated (h)": 3,
        "time saved estimate (h)": 3, 
        "quality of ai help": 4,
        "knowledge acquired":  3,
        "generic feeling - now": 3,
        "generic feeling - future": 3,
        "threat level":  3,
        "notes": "Gread help with code completion and code generation. I was able to save time and learn new things escpecially about use of RabbitMQ in Node.js."
    }
}